,candidate,candidate_male,county,district,office,pro_gun_control,vote_share,year,candidate_hispanic,prog_min_wage,incumbent
267,Adam P. Bell,1,COLLIN,3,house,1,0.564940831,2016,0,0,0
274,Al Green,1,FORT BEND,9,house,1,0.793993994,2016,0,1,1
275,Al Green,1,HARRIS,9,house,1,0.811555795,2016,0,1,1
537,Beto O'Rourke,1,EL PASO,16,house,1,0.698225355,2014,0,1,1
285,Bill Bradshaw,1,PARKER,12,house,,0.145572282,2016,0,1,0
286,Bill Bradshaw,1,TARRANT,12,house,,0.480175026,2016,0,1,0
287,Bill Bradshaw,1,WISE,12,house,,0.167534496,2016,0,1,0
470,David E. Cozad,1,ELLIS,6,house,,0.224746004,2014,0,1,0
471,David E. Cozad,1,NAVARRO,6,house,,0.215165262,2014,0,1,0
472,David E. Cozad,1,TARRANT,6,house,,0.429946734,2014,0,1,0
0,David M. Alameel,1,ANDERSON,5,senate,1,0.20564845,2014,0,0,0
1,David M. Alameel,1,ANDREWS,11,senate,1,0.083922678,2014,0,0,0
2,David M. Alameel,1,ANGELINA,1,senate,1,0.209692279,2014,0,0,0
3,David M. Alameel,1,ARANSAS,27,senate,1,0.205214021,2014,0,0,0
4,David M. Alameel,1,ARCHER,13,senate,1,0.102689487,2014,0,0,0
5,David M. Alameel,1,ARMSTRONG,13,senate,1,0.081330869,2014,0,0,0
6,David M. Alameel,1,ATASCOSA,28,senate,1,0.303156984,2014,0,0,0
7,David M. Alameel,1,AUSTIN,10,senate,1,0.143910905,2014,0,0,0
8,David M. Alameel,1,BAILEY,19,senate,1,0.118801653,2014,0,0,0
9,David M. Alameel,1,BANDERA,21,senate,1,0.155563071,2014,0,0,0
10,David M. Alameel,1,BASTROP,10,senate,1,0.357531877,2014,0,0,0
11,David M. Alameel,1,BAYLOR,13,senate,1,0.134591195,2014,0,0,0
12,David M. Alameel,1,BEE,34,senate,1,0.379991681,2014,0,0,0
13,David M. Alameel,1,BELL,31,senate,1,0.312759163,2014,0,0,0
14,David M. Alameel,1,BEXAR,20,senate,1,0.435793919,2014,0,0,0
15,David M. Alameel,1,BLANCO,21,senate,1,0.207418398,2014,0,0,0
16,David M. Alameel,1,BORDEN,19,senate,1,0.048387097,2014,0,0,0
17,David M. Alameel,1,BOSQUE,25,senate,1,0.158121499,2014,0,0,0
18,David M. Alameel,1,BOWIE,4,senate,1,0.234332292,2014,0,0,0
19,David M. Alameel,1,BRAZORIA,22,senate,1,0.28756932,2014,0,0,0
20,David M. Alameel,1,BRAZOS,17,senate,1,0.251181953,2014,0,0,0
21,David M. Alameel,1,BREWSTER,23,senate,1,0.4485802,2014,0,0,0
22,David M. Alameel,1,BRISCOE,13,senate,1,0.120162933,2014,0,0,0
23,David M. Alameel,1,BROOKS,15,senate,1,0.743517475,2014,0,0,0
24,David M. Alameel,1,BROWN,11,senate,1,0.100165247,2014,0,0,0
25,David M. Alameel,1,BURLESON,17,senate,1,0.215632068,2014,0,0,0
26,David M. Alameel,1,BURNET,25,senate,1,0.176109579,2014,0,0,0
27,David M. Alameel,1,CALDWELL,27,senate,1,0.372984115,2014,0,0,0
28,David M. Alameel,1,CALHOUN,27,senate,1,0.291237113,2014,0,0,0
29,David M. Alameel,1,CALLAHAN,11,senate,1,0.086432873,2014,0,0,0
30,David M. Alameel,1,CAMERON,34,senate,1,0.533964102,2014,0,0,0
31,David M. Alameel,1,CAMP,4,senate,1,0.275985663,2014,0,0,0
32,David M. Alameel,1,CARSON,13,senate,1,0.091061453,2014,0,0,0
33,David M. Alameel,1,CASS,4,senate,1,0.232326284,2014,0,0,0
34,David M. Alameel,1,CASTRO,19,senate,1,0.181323663,2014,0,0,0
35,David M. Alameel,1,CHAMBERS,36,senate,1,0.152517091,2014,0,0,0
36,David M. Alameel,1,CHEROKEE,5,senate,1,0.188127455,2014,0,0,0
37,David M. Alameel,1,CHILDRESS,13,senate,1,0.100375235,2014,0,0,0
38,David M. Alameel,1,CLAY,13,senate,1,0.118411284,2014,0,0,0
39,David M. Alameel,1,COCHRAN,19,senate,1,0.121794872,2014,0,0,0
40,David M. Alameel,1,COKE,11,senate,1,0.072802198,2014,0,0,0
41,David M. Alameel,1,COLEMAN,11,senate,1,0.093720712,2014,0,0,0
42,David M. Alameel,1,COLLIN,3,senate,1,0.29026809,2014,0,0,0
43,David M. Alameel,1,COLLINGSWORTH,13,senate,1,0.134666667,2014,0,0,0
44,David M. Alameel,1,COLORADO,10,senate,1,0.193103448,2014,0,0,0
45,David M. Alameel,1,COMAL,21,senate,1,0.179081063,2014,0,0,0
46,David M. Alameel,1,COMANCHE,11,senate,1,0.147671994,2014,0,0,0
47,David M. Alameel,1,CONCHO,11,senate,1,0.115044248,2014,0,0,0
48,David M. Alameel,1,COOKE,13,senate,1,0.117159763,2014,0,0,0
49,David M. Alameel,1,CORYELL,25,senate,1,0.216318093,2014,0,0,0
50,David M. Alameel,1,COTTLE,13,senate,1,0.132352941,2014,0,0,0
51,David M. Alameel,1,CRANE,23,senate,1,0.153061224,2014,0,0,0
52,David M. Alameel,1,CROCKETT,23,senate,1,0.217731421,2014,0,0,0
53,David M. Alameel,1,CROSBY,19,senate,1,0.198,2014,0,0,0
54,David M. Alameel,1,CULBERSON,23,senate,1,0.41697417,2014,0,0,0
55,David M. Alameel,1,DALLAM,13,senate,1,0.096855346,2014,0,0,0
56,David M. Alameel,1,DALLAS,30,senate,1,0.514263492,2014,0,0,0
57,David M. Alameel,1,DAWSON,11,senate,1,0.151356994,2014,0,0,0
58,David M. Alameel,1,DEAF SMITH,13,senate,1,0.160124368,2014,0,0,0
59,David M. Alameel,1,DELTA,4,senate,1,0.194053208,2014,0,0,0
60,David M. Alameel,1,DENTON,26,senate,1,0.290248366,2014,0,0,0
61,David M. Alameel,1,DEWITT,34,senate,1,0.136519673,2014,0,0,0
62,David M. Alameel,1,DICKENS,13,senate,1,0.101449275,2014,0,0,0
63,David M. Alameel,1,DIMMIT,23,senate,1,0.653061224,2014,0,0,0
64,David M. Alameel,1,DONLEY,13,senate,1,0.105027933,2014,0,0,0
65,David M. Alameel,1,DUVAL,15,senate,1,0.79065556,2014,0,0,0
66,David M. Alameel,1,EASTLAND,11,senate,1,0.090374332,2014,0,0,0
67,David M. Alameel,1,ECTOR,11,senate,1,0.157734943,2014,0,0,0
68,David M. Alameel,1,EDWARDS,23,senate,1,0.227474151,2014,0,0,0
69,David M. Alameel,1,ELLIS,6,senate,1,0.217566296,2014,0,0,0
70,David M. Alameel,1,EL PASO,16,senate,1,0.575512824,2014,0,0,0
71,David M. Alameel,1,ERATH,11,senate,1,0.137011691,2014,0,0,0
72,David M. Alameel,1,FALLS,17,senate,1,0.26597582,2014,0,0,0
73,David M. Alameel,1,FANNIN,4,senate,1,0.184343847,2014,0,0,0
74,David M. Alameel,1,FAYETTE,10,senate,1,0.164421608,2014,0,0,0
75,David M. Alameel,1,FISHER,19,senate,1,0.307626392,2014,0,0,0
76,David M. Alameel,1,FLOYD,19,senate,1,0.104068117,2014,0,0,0
77,David M. Alameel,1,FOARD,13,senate,1,0.314685315,2014,0,0,0
78,David M. Alameel,1,FORT BEND,22,senate,1,0.402251767,2014,0,0,0
79,David M. Alameel,1,FRANKLIN,4,senate,1,0.118760064,2014,0,0,0
80,David M. Alameel,1,FREESTONE,17,senate,1,0.180484397,2014,0,0,0
81,David M. Alameel,1,FRIO,23,senate,1,0.500850822,2014,0,0,0
82,David M. Alameel,1,GAINES,19,senate,1,0.094875053,2014,0,0,0
83,David M. Alameel,1,GALVESTON,14,senate,1,0.324121833,2014,0,0,0
84,David M. Alameel,1,GARZA,19,senate,1,0.081683168,2014,0,0,0
85,David M. Alameel,1,GILLESPIE,21,senate,1,0.137753883,2014,0,0,0
86,David M. Alameel,1,GLASSCOCK,11,senate,1,0.02617801,2014,0,0,0
87,David M. Alameel,1,GOLIAD,34,senate,1,0.284343822,2014,0,0,0
88,David M. Alameel,1,GONZALES,27,senate,1,0.195239445,2014,0,0,0
89,David M. Alameel,1,GRAY,13,senate,1,0.068315997,2014,0,0,0
90,David M. Alameel,1,GRAYSON,4,senate,1,0.199488265,2014,0,0,0
91,David M. Alameel,1,GREGG,1,senate,1,0.237462861,2014,0,0,0
92,David M. Alameel,1,GRIMES,8,senate,1,0.205756014,2014,0,0,0
93,David M. Alameel,1,GUADALUPE,15,senate,1,0.249279638,2014,0,0,0
94,David M. Alameel,1,HALE,19,senate,1,0.118070554,2014,0,0,0
95,David M. Alameel,1,HALL,13,senate,1,0.125899281,2014,0,0,0
96,David M. Alameel,1,HAMILTON,25,senate,1,0.155526431,2014,0,0,0
97,David M. Alameel,1,HANSFORD,13,senate,1,0.036020583,2014,0,0,0
98,David M. Alameel,1,HARDEMAN,13,senate,1,0.172839506,2014,0,0,0
99,David M. Alameel,1,HARDIN,36,senate,1,0.119479568,2014,0,0,0
100,David M. Alameel,1,HARRIS,2,senate,1,0.436767997,2014,0,0,0
101,David M. Alameel,1,HARRISON,1,senate,1,0.261788962,2014,0,0,0
102,David M. Alameel,1,HARTLEY,13,senate,1,0.069508804,2014,0,0,0
103,David M. Alameel,1,HASKELL,19,senate,1,0.229187071,2014,0,0,0
104,David M. Alameel,1,HAYS,35,senate,1,0.402403315,2014,0,0,0
105,David M. Alameel,1,HEMPHILL,13,senate,1,0.088945362,2014,0,0,0
106,David M. Alameel,1,HENDERSON,5,senate,1,0.185808115,2014,0,0,0
107,David M. Alameel,1,HIDALGO,15,senate,1,0.628100524,2014,0,0,0
108,David M. Alameel,1,HILL,25,senate,1,0.179172511,2014,0,0,0
109,David M. Alameel,1,HOCKLEY,19,senate,1,0.103815937,2014,0,0,0
110,David M. Alameel,1,HOOD,11,senate,1,0.1532412,2014,0,0,0
111,David M. Alameel,1,HOPKINS,4,senate,1,0.194600675,2014,0,0,0
112,David M. Alameel,1,HOUSTON,8,senate,1,0.189237269,2014,0,0,0
113,David M. Alameel,1,HOWARD,19,senate,1,0.157959284,2014,0,0,0
114,David M. Alameel,1,HUDSPETH,23,senate,1,0.390804598,2014,0,0,0
115,David M. Alameel,1,HUNT,4,senate,1,0.18557432,2014,0,0,0
116,David M. Alameel,1,HUTCHINSON,13,senate,1,0.086357373,2014,0,0,0
117,David M. Alameel,1,IRION,11,senate,1,0.089805825,2014,0,0,0
118,David M. Alameel,1,JACK,13,senate,1,0.102224895,2014,0,0,0
119,David M. Alameel,1,JACKSON,27,senate,1,0.143821023,2014,0,0,0
120,David M. Alameel,1,JASPER,36,senate,1,0.196332412,2014,0,0,0
121,David M. Alameel,1,JEFF DAVIS,23,senate,1,0.364849833,2014,0,0,0
122,David M. Alameel,1,JEFFERSON,14,senate,1,0.479176425,2014,0,0,0
123,David M. Alameel,1,JIM HOGG,15,senate,1,0.762611276,2014,0,0,0
124,David M. Alameel,1,JIM WELLS,34,senate,1,0.526797635,2014,0,0,0
125,David M. Alameel,1,JOHNSON,25,senate,1,0.171242438,2014,0,0,0
126,David M. Alameel,1,JONES,19,senate,1,0.15661882,2014,0,0,0
127,David M. Alameel,1,KARNES,15,senate,1,0.233793392,2014,0,0,0
128,David M. Alameel,1,KAUFMAN,5,senate,1,0.23627807,2014,0,0,0
129,David M. Alameel,1,KENDALL,21,senate,1,0.130350366,2014,0,0,0
130,David M. Alameel,1,KENEDY,34,senate,1,0.468468468,2014,0,0,0
131,David M. Alameel,1,KENT,19,senate,1,0.143835616,2014,0,0,0
132,David M. Alameel,1,KERR,21,senate,1,0.158916927,2014,0,0,0
133,David M. Alameel,1,KIMBLE,11,senate,1,0.075129534,2014,0,0,0
134,David M. Alameel,1,KING,13,senate,1,0.011363636,2014,0,0,0
135,David M. Alameel,1,KINNEY,23,senate,1,0.288331726,2014,0,0,0
136,David M. Alameel,1,KLEBERG,34,senate,1,0.467539863,2014,0,0,0
137,David M. Alameel,1,KNOX,13,senate,1,0.167061611,2014,0,0,0
138,David M. Alameel,1,LAMAR,4,senate,1,0.22000774,2014,0,0,0
139,David M. Alameel,1,LAMB,19,senate,1,0.120256284,2014,0,0,0
140,David M. Alameel,1,LAMPASAS,25,senate,1,0.156484215,2014,0,0,0
141,David M. Alameel,1,LASALLE,23,senate,1,0.479843953,2014,0,0,0
142,David M. Alameel,1,LAVACA,27,senate,1,0.12301013,2014,0,0,0
143,David M. Alameel,1,LEE,10,senate,1,0.198802694,2014,0,0,0
144,David M. Alameel,1,LEON,17,senate,1,0.104854369,2014,0,0,0
145,David M. Alameel,1,LIBERTY,36,senate,1,0.185429895,2014,0,0,0
146,David M. Alameel,1,LIMESTONE,17,senate,1,0.217067308,2014,0,0,0
147,David M. Alameel,1,LIPSCOMB,13,senate,1,0.089460784,2014,0,0,0
148,David M. Alameel,1,LIVE OAK,15,senate,1,0.133589415,2014,0,0,0
149,David M. Alameel,1,LLANO,11,senate,1,0.157315077,2014,0,0,0
150,David M. Alameel,1,LOVING,23,senate,1,0.081081081,2014,0,0,0
151,David M. Alameel,1,LUBBOCK,19,senate,1,0.199541029,2014,0,0,0
152,David M. Alameel,1,LYNN,19,senate,1,0.143482065,2014,0,0,0
153,David M. Alameel,1,MADISON,8,senate,1,0.172903226,2014,0,0,0
154,David M. Alameel,1,MARION,4,senate,1,0.3101983,2014,0,0,0
155,David M. Alameel,1,MARTIN,11,senate,1,0.103738318,2014,0,0,0
156,David M. Alameel,1,MASON,11,senate,1,0.154496541,2014,0,0,0
157,David M. Alameel,1,MATAGORDA,27,senate,1,0.271132618,2014,0,0,0
158,David M. Alameel,1,MAVERICK,23,senate,1,0.730422003,2014,0,0,0
159,David M. Alameel,1,MCCULLOCH,11,senate,1,0.124697337,2014,0,0,0
160,David M. Alameel,1,MCLENNAN,17,senate,1,0.265987309,2014,0,0,0
161,David M. Alameel,1,MCMULLEN,28,senate,1,0.072961373,2014,0,0,0
162,David M. Alameel,1,MEDINA,23,senate,1,0.21465691,2014,0,0,0
163,David M. Alameel,1,MENARD,11,senate,1,0.095343681,2014,0,0,0
164,David M. Alameel,1,MIDLAND,11,senate,1,0.116296592,2014,0,0,0
165,David M. Alameel,1,MILAM,17,senate,1,0.234515164,2014,0,0,0
166,David M. Alameel,1,MILLS,11,senate,1,0.081332301,2014,0,0,0
167,David M. Alameel,1,MITCHELL,11,senate,1,0.146902655,2014,0,0,0
168,David M. Alameel,1,MONTAGUE,13,senate,1,0.11159601,2014,0,0,0
169,David M. Alameel,1,MONTGOMERY,8,senate,1,0.153610416,2014,0,0,0
170,David M. Alameel,1,MOORE,13,senate,1,0.093503567,2014,0,0,0
171,David M. Alameel,1,MORRIS,4,senate,1,0.329514825,2014,0,0,0
172,David M. Alameel,1,MOTLEY,13,senate,1,0.033519553,2014,0,0,0
173,David M. Alameel,1,NACOGDOCHES,1,senate,1,0.219728969,2014,0,0,0
174,David M. Alameel,1,NAVARRO,6,senate,1,0.215645286,2014,0,0,0
175,David M. Alameel,1,NEWTON,36,senate,1,0.247003269,2014,0,0,0
176,David M. Alameel,1,NOLAN,19,senate,1,0.16820554,2014,0,0,0
177,David M. Alameel,1,NUECES,27,senate,1,0.400229898,2014,0,0,0
178,David M. Alameel,1,OCHILTREE,13,senate,1,0.034505208,2014,0,0,0
179,David M. Alameel,1,OLDHAM,13,senate,1,0.044280443,2014,0,0,0
180,David M. Alameel,1,ORANGE,36,senate,1,0.203862402,2014,0,0,0
181,David M. Alameel,1,PALO PINTO,11,senate,1,0.165776386,2014,0,0,0
182,David M. Alameel,1,PANOLA,1,senate,1,0.176039993,2014,0,0,0
183,David M. Alameel,1,PARKER,12,senate,1,0.140142202,2014,0,0,0
184,David M. Alameel,1,PARMER,19,senate,1,0.088774762,2014,0,0,0
185,David M. Alameel,1,PECOS,23,senate,1,0.315265487,2014,0,0,0
186,David M. Alameel,1,POLK,36,senate,1,0.194151342,2014,0,0,0
187,David M. Alameel,1,POTTER,13,senate,1,0.190770876,2014,0,0,0
188,David M. Alameel,1,PRESIDIO,23,senate,1,0.626321974,2014,0,0,0
189,David M. Alameel,1,RAINS,4,senate,1,0.150021617,2014,0,0,0
190,David M. Alameel,1,RANDALL,13,senate,1,0.107348837,2014,0,0,0
191,David M. Alameel,1,REAGAN,23,senate,1,0.108050847,2014,0,0,0
192,David M. Alameel,1,REAL,21,senate,1,0.127638191,2014,0,0,0
193,David M. Alameel,1,RED RIVER,4,senate,1,0.234117647,2014,0,0,0
194,David M. Alameel,1,REEVES,23,senate,1,0.464221825,2014,0,0,0
195,David M. Alameel,1,REFUGIO,27,senate,1,0.347155768,2014,0,0,0
196,David M. Alameel,1,ROBERTS,13,senate,1,0.036363636,2014,0,0,0
197,David M. Alameel,1,ROBERTSON,17,senate,1,0.34172213,2014,0,0,0
198,David M. Alameel,1,ROCKWALL,4,senate,1,0.186819682,2014,0,0,0
199,David M. Alameel,1,RUNNELS,11,senate,1,0.090081893,2014,0,0,0
200,David M. Alameel,1,RUSK,1,senate,1,0.172518635,2014,0,0,0
201,David M. Alameel,1,SABINE,1,senate,1,0.131073446,2014,0,0,0
202,David M. Alameel,1,SAN AUGUSTINE,1,senate,1,0.290766208,2014,0,0,0
203,David M. Alameel,1,SAN JACINTO,8,senate,1,0.223183103,2014,0,0,0
204,David M. Alameel,1,SAN PATRICIO,27,senate,1,0.32754086,2014,0,0,0
205,David M. Alameel,1,SAN SABA,11,senate,1,0.090122567,2014,0,0,0
206,David M. Alameel,1,SCHLEICHER,23,senate,1,0.228824273,2014,0,0,0
207,David M. Alameel,1,SCURRY,19,senate,1,0.101127683,2014,0,0,0
208,David M. Alameel,1,SHACKELFORD,19,senate,1,0.057692308,2014,0,0,0
209,David M. Alameel,1,SHELBY,1,senate,1,0.188468809,2014,0,0,0
210,David M. Alameel,1,SHERMAN,13,senate,1,0.052173913,2014,0,0,0
211,David M. Alameel,1,SMITH,1,senate,1,0.214900627,2014,0,0,0
212,David M. Alameel,1,SOMERVELL,25,senate,1,0.140923938,2014,0,0,0
213,David M. Alameel,1,STARR,28,senate,1,0.797939445,2014,0,0,0
214,David M. Alameel,1,STEPHENS,11,senate,1,0.084394904,2014,0,0,0
215,David M. Alameel,1,STERLING,11,senate,1,0.04415011,2014,0,0,0
216,David M. Alameel,1,STONEWALL,19,senate,1,0.202247191,2014,0,0,0
217,David M. Alameel,1,SUTTON,23,senate,1,0.126917713,2014,0,0,0
218,David M. Alameel,1,SWISHER,13,senate,1,0.218016654,2014,0,0,0
219,David M. Alameel,1,TARRANT,12,senate,1,0.375811654,2014,0,0,0
220,David M. Alameel,1,TAYLOR,19,senate,1,0.151444464,2014,0,0,0
221,David M. Alameel,1,TERRELL,23,senate,1,0.329608939,2014,0,0,0
222,David M. Alameel,1,TERRY,19,senate,1,0.144470588,2014,0,0,0
223,David M. Alameel,1,THROCKMORTON,19,senate,1,0.106425703,2014,0,0,0
224,David M. Alameel,1,TITUS,4,senate,1,0.231141589,2014,0,0,0
225,David M. Alameel,1,TOM GREEN,11,senate,1,0.168315143,2014,0,0,0
226,David M. Alameel,1,TRAVIS,25,senate,1,0.601230264,2014,0,0,0
227,David M. Alameel,1,TRINITY,8,senate,1,0.223211876,2014,0,0,0
228,David M. Alameel,1,TYLER,36,senate,1,0.18226601,2014,0,0,0
229,David M. Alameel,1,UPSHUR,4,senate,1,0.154060606,2014,0,0,0
230,David M. Alameel,1,UPTON,23,senate,1,0.154103853,2014,0,0,0
231,David M. Alameel,1,UVALDE,23,senate,1,0.383867632,2014,0,0,0
232,David M. Alameel,1,VAL VERDE,23,senate,1,0.492694064,2014,0,0,0
233,David M. Alameel,1,VAN ZANDT,5,senate,1,0.13557094,2014,0,0,0
234,David M. Alameel,1,VICTORIA,27,senate,1,0.22557445,2014,0,0,0
235,David M. Alameel,1,WALKER,8,senate,1,0.260013071,2014,0,0,0
236,David M. Alameel,1,WALLER,10,senate,1,0.267942584,2014,0,0,0
237,David M. Alameel,1,WARD,23,senate,1,0.22329576,2014,0,0,0
238,David M. Alameel,1,WASHINGTON,10,senate,1,0.183229094,2014,0,0,0
239,David M. Alameel,1,WEBB,28,senate,1,0.670291929,2014,0,0,0
240,David M. Alameel,1,WHARTON,27,senate,1,0.216889881,2014,0,0,0
241,David M. Alameel,1,WHEELER,13,senate,1,0.076679842,2014,0,0,0
242,David M. Alameel,1,WICHITA,13,senate,1,0.204887964,2014,0,0,0
243,David M. Alameel,1,WILBARGER,13,senate,1,0.186506398,2014,0,0,0
244,David M. Alameel,1,WILLACY,34,senate,1,0.576172905,2014,0,0,0
245,David M. Alameel,1,WILLIAMSON,31,senate,1,0.34816544,2014,0,0,0
246,David M. Alameel,1,WILSON,28,senate,1,0.219583375,2014,0,0,0
247,David M. Alameel,1,WINKLER,23,senate,1,0.140829694,2014,0,0,0
248,David M. Alameel,1,WISE,13,senate,1,0.139166667,2014,0,0,0
249,David M. Alameel,1,WOOD,5,senate,1,0.115509109,2014,0,0,0
250,David M. Alameel,1,YOAKUM,19,senate,1,0.068681319,2014,0,0,0
251,David M. Alameel,1,YOUNG,19,senate,1,0.105751766,2014,0,0,0
252,David M. Alameel,1,ZAPATA,28,senate,1,0.70415879,2014,0,0,0
253,David M. Alameel,1,ZAVALA,23,senate,1,0.763061074,2014,0,0,0
526,Donald G. Brown,1,BRAZORIA,14,house,,0.237805305,2014,0,1,0
527,Donald G. Brown,1,GALVESTON,14,house,,0.33490362,2014,0,1,0
528,Donald G. Brown,1,JEFFERSON,14,house,,0.480860781,2014,0,1,0
426,Eddie Bernice Johnson,0,DALLAS,30,house,1,0.804178851,2016,0,1,1
427,Eddie Bernice Johnson,0,DALLAS,30,house,1,0.804178851,2014,0,1,1
400,Eric Mauck,1,DALLAS,26,house,1,0.406976744,2016,0,1,0
401,Eric Mauck,1,DENTON,26,house,1,0.32065032,2016,0,1,0
402,Eric Mauck,1,TARRANT,26,house,1,0.264282778,2016,0,1,0
611,Filemon B Vela,1,BEE,34,house,0,0.4700629,2014,1,0,0
612,Filemon B Vela,1,CAMERON,34,house,0,0.6700742,2014,1,0,0
613,Filemon B Vela,1,DEWITT,34,house,0,0.153906,2014,1,0,0
614,Filemon B Vela,1,GOLIAD,34,house,0,0.3369853,2014,1,0,0
615,Filemon B Vela,1,GONZALES,34,house,0,0.1969072,2014,1,0,0
616,Filemon B Vela,1,HIDALGO,34,house,0,0.7345034,2014,1,0,0
617,Filemon B Vela,1,JIM WELLS,34,house,0,0.5821336,2014,1,0,0
618,Filemon B Vela,1,KENEDY,34,house,0,0.5982906,2014,1,0,0
619,Filemon B Vela,1,KLEBERG,34,house,0,0.5512566,2014,1,0,0
620,Filemon B Vela,1,SAN PATRICIO,34,house,0,0.5758899,2014,1,0,0
621,Filemon B Vela,1,WILLACY,34,house,0,0.675808,2014,1,0,0
434,Filemon B Vela,1,BEE,34,house,0,0.434324887,2016,1,0,0
435,Filemon B Vela,1,CAMERON,34,house,0,0.687795197,2016,1,0,0
436,Filemon B Vela,1,DEWITT,34,house,0,0.178253657,2016,1,0,0
437,Filemon B Vela,1,GOLIAD,34,house,0,0.308571429,2016,1,0,0
438,Filemon B Vela,1,GONZALES,34,house,0,0.20878494,2016,1,0,0
439,Filemon B Vela,1,HIDALGO,34,house,0,0.732909121,2016,1,0,0
440,Filemon B Vela,1,JIM WELLS,34,house,0,0.573044139,2016,1,0,0
441,Filemon B Vela,1,KENEDY,34,house,0,0.610778443,2016,1,0,0
442,Filemon B Vela,1,KLEBERG,34,house,0,0.515996096,2016,1,0,0
443,Filemon B Vela,1,SAN PATRICIO,34,house,0,0.557067891,2016,1,0,0
444,Filemon B Vela,1,WILLACY,34,house,0,0.701624512,2016,1,0,0
579,Frank Brisoce,1,BRAZORIA,22,house,0,0.341932842,2014,0,0,0
580,Frank Brisoce,1,FORT BEND,22,house,0,0.307093252,2014,0,0,0
581,Frank Brisoce,1,HARRIS,22,house,0,0.368986428,2014,0,0,0
425,Gene Green,1,HARRIS,29,house,0,0.751396363,2016,0,1,1
416,Henry Cuellar,1,ATASCOSA,28,house,0,0.470436628,2016,1,1,0
417,Henry Cuellar,1,BEXAR,28,house,0,0.541485689,2016,1,1,0
418,Henry Cuellar,1,HIDALGO,28,house,0,0.753851395,2016,1,1,0
419,Henry Cuellar,1,LASALLE,28,house,0,0.772321429,2016,1,1,0
420,Henry Cuellar,1,MCMULLEN,28,house,0,0.254237288,2016,1,1,0
421,Henry Cuellar,1,STARR,28,house,0,0.869897959,2016,1,1,0
422,Henry Cuellar,1,WEBB,28,house,0,0.886362818,2016,1,1,0
423,Henry Cuellar,1,WILSON,28,house,0,0.348651526,2016,1,1,0
424,Henry Cuellar,1,ZAPATA,28,house,0,0.834837847,2016,1,1,0
271,James Cargas,1,HARRIS,7,house,1,0.780196737,2016,0,1,0
272,James Cargas,1,HARRIS,7,house,1,0.353202364,2014,0,1,0
273,James Cargas,1,HARRIS,7,house,1,0.353202364,2014,0,1,0
384,Jan McDowell,1,DALLAS,24,house,1,0.491272481,2016,0,1,0
385,Jan McDowell,1,DENTON,24,house,1,0.438669486,2016,0,1,0
386,Jan McDowell,1,TARRANT,24,house,1,0.32227037,2016,0,1,0
387,Kathi Thomas,0,BELL,25,house,1,0.654854239,2016,0,1,0
388,Kathi Thomas,0,BOSQUE,25,house,1,0.172592889,2016,0,1,0
389,Kathi Thomas,0,BURNET,25,house,1,0.200173263,2016,0,1,0
390,Kathi Thomas,0,CORYELL,25,house,1,0.284874337,2016,0,1,0
391,Kathi Thomas,0,ERATH,25,house,1,0.161639344,2016,0,1,0
392,Kathi Thomas,0,HAMILTON,25,house,1,0.138282387,2016,0,1,0
393,Kathi Thomas,0,HAYS,25,house,1,0.366844151,2016,0,1,0
394,Kathi Thomas,0,HILL,25,house,1,0.200499235,2016,0,1,0
395,Kathi Thomas,0,JOHNSON,25,house,1,0.192028328,2016,0,1,0
396,Kathi Thomas,0,LAMPASAS,25,house,1,0.183023197,2016,0,1,0
397,Kathi Thomas,0,SOMERVELL,25,house,1,0.140455531,2016,0,1,0
398,Kathi Thomas,0,TARRANT,25,house,1,0.255319149,2016,0,1,0
399,Kathi Thomas,0,TRAVIS,25,house,1,0.577773405,2016,0,1,0
445,Lloyd Doggett,1,BEXAR,35,house,1,0.678270162,2016,0,1,1
446,Lloyd Doggett,1,CALDWELL,35,house,1,0.555680329,2016,0,1,1
447,Lloyd Doggett,1,COMAL,35,house,1,0.339436367,2016,0,1,1
448,Lloyd Doggett,1,GUADALUPE,35,house,1,0.342244011,2016,0,1,1
449,Lloyd Doggett,1,HAYS,35,house,1,0.593625968,2016,0,1,1
450,Lloyd Doggett,1,TRAVIS,35,house,1,0.824413249,2016,0,1,1
451,Lloyd Doggett,1,BEXAR,35,house,1,0.662780952,2014,0,1,1
452,Lloyd Doggett,1,CALDWELL,35,house,1,0.568002041,2014,0,1,1
453,Lloyd Doggett,1,COMAL,35,house,1,0.332895231,2014,0,1,1
454,Lloyd Doggett,1,GUADALUPE,35,house,1,0.307745386,2014,0,1,1
455,Lloyd Doggett,1,HAYS,35,house,1,0.568370665,2014,0,1,1
456,Lloyd Doggett,1,TRAVIS,35,house,1,0.822905342,2014,0,1,1
432,Marc Veasy,1,DALLAS,33,house,1,0.701620864,2016,0,1,1
433,Marc Veasy,1,TARRANT,33,house,1,0.772163051,2016,0,1,1
585,Marco Montoya,1,BELL,25,house,,0.66394148,2014,1,1,0
586,Marco Montoya,1,BOSQUE,25,house,,0.164134389,2014,1,1,0
587,Marco Montoya,1,BURNET,25,house,,0.189298958,2014,1,1,0
588,Marco Montoya,1,CORYELL,25,house,,0.230094872,2014,1,1,0
589,Marco Montoya,1,ERATH,25,house,,0.145753747,2014,1,1,0
590,Marco Montoya,1,HAMILTON,25,house,,0.167032004,2014,1,1,0
591,Marco Montoya,1,HAYS,25,house,,0.353846154,2014,1,1,0
592,Marco Montoya,1,HILL,25,house,,0.18573759,2014,1,1,0
593,Marco Montoya,1,JOHNSON,25,house,,0.172679683,2014,1,1,0
594,Marco Montoya,1,LAMPASAS,25,house,,0.167115298,2014,1,1,0
595,Marco Montoya,1,SOMERVELL,25,house,,0.142790698,2014,1,1,0
596,Marco Montoya,1,TARRANT,25,house,,0.229595222,2014,1,1,0
597,Marco Montoya,1,TRAVIS,25,house,,0.554806665,2014,1,1,0
323,Mark Gibson,1,BRAZORIA,22,house,1,0.394502464,2016,0,1,0
324,Mark Gibson,1,FORT BEND,22,house,1,0.401447906,2016,0,1,0
325,Mark Gibson,1,HARRIS,22,house,1,0.445083127,2016,0,1,0
482,Mark Greene,1,PARKER,12,house,1,0.133329018,2014,0,1,0
483,Mark Greene,1,TARRANT,12,house,1,0.309400667,2014,0,1,0
484,Mark Greene,1,WISE,12,house,1,0.139252122,2014,0,1,0
288,Michael Cole,1,BRAZORIA,14,house,0,0.387108685,2016,0,1,0
289,Michael Cole,1,GALVESTON,14,house,0,0.537592362,2016,0,1,0
290,Michael Cole,1,JEFFERSON,14,house,0,0.956403022,2016,0,1,0
622,Michael K. Cole,1,CHAMBERS,36,house,0,0.158022592,2014,0,0,0
623,Michael K. Cole,1,HARDIN,36,house,0,0.120787013,2014,0,0,0
624,Michael K. Cole,1,HARRIS,36,house,0,0.275833018,2014,0,0,0
625,Michael K. Cole,1,JASPER,36,house,0,0.198226545,2014,0,0,0
626,Michael K. Cole,1,LIBERTY,36,house,0,0.196071959,2014,0,0,0
627,Michael K. Cole,1,NEWTON,36,house,0,0.25506937,2014,0,0,0
628,Michael K. Cole,1,ORANGE,36,house,0,0.215096582,2014,0,0,0
629,Michael K. Cole,1,POLK,36,house,0,0.193248193,2014,0,0,0
630,Michael K. Cole,1,TYLER,36,house,0,0.168466523,2014,0,0,0
428,Mike Clark,1,BELL,31,house,1,0.352228051,2016,0,1,0
429,Mike Clark,1,WILLIAMSON,31,house,1,0.398998695,2016,0,1,0
430,Mike Clark,1,BELL,31,house,1,0.352228051,2014,0,1,0
431,Mike Clark,1,WILLIAMSON,31,house,1,0.398998695,2014,0,1,0
485,Mike Minter,1,ARCHER,13,house,,0.096333853,2014,0,,0
486,Mike Minter,1,ARMSTRONG,13,house,,0.078899083,2014,0,,0
487,Mike Minter,1,BAYLOR,13,house,,0.138480392,2014,0,,0
488,Mike Minter,1,BRISCOE,13,house,,0.115768463,2014,0,,0
489,Mike Minter,1,CARSON,13,house,,0.091161757,2014,0,,0
490,Mike Minter,1,CHILDRESS,13,house,,0.105164319,2014,0,,0
491,Mike Minter,1,CLAY,13,house,,0.11420205,2014,0,,0
492,Mike Minter,1,COLLINGSWORTH,13,house,,0.108614232,2014,0,,0
493,Mike Minter,1,COOKE,13,house,,0.117225162,2014,0,,0
494,Mike Minter,1,COTTLE,13,house,,0.12173913,2014,0,,0
495,Mike Minter,1,DALLAM,13,house,,0.103067485,2014,0,,0
496,Mike Minter,1,DEAF SMITH,13,house,,0.152362949,2014,0,,0
497,Mike Minter,1,DICKENS,13,house,,0.103792415,2014,0,,0
498,Mike Minter,1,DONLEY,13,house,,0.101433297,2014,0,,0
499,Mike Minter,1,FLOYD,13,house,,0.081858407,2014,0,,0
500,Mike Minter,1,FOARD,13,house,,0.28852459,2014,0,,0
501,Mike Minter,1,GRAY,13,house,,0.065368567,2014,0,,0
502,Mike Minter,1,HALL,13,house,,0.127622378,2014,0,,0
503,Mike Minter,1,HANSFORD,13,house,,0.031896552,2014,0,,0
504,Mike Minter,1,HARDEMAN,13,house,,0.165898618,2014,0,,0
505,Mike Minter,1,HARTLEY,13,house,,0.080956762,2014,0,,0
506,Mike Minter,1,HEMPHILL,13,house,,0.079345088,2014,0,,0
507,Mike Minter,1,HUTCHINSON,13,house,,0.084099265,2014,0,,0
508,Mike Minter,1,JACK,13,house,,0.112543962,2014,0,,0
509,Mike Minter,1,KING,13,house,,0.011235955,2014,0,,0
510,Mike Minter,1,KNOX,13,house,,0.163972286,2014,0,,0
511,Mike Minter,1,LIPSCOMB,13,house,,0.076372315,2014,0,,0
512,Mike Minter,1,MONTAGUE,13,house,,0.108452217,2014,0,,0
513,Mike Minter,1,MOORE,13,house,,0.091381872,2014,0,,0
514,Mike Minter,1,MOTLEY,13,house,,0.035911602,2014,0,,0
515,Mike Minter,1,OCHILTREE,13,house,,0.035828535,2014,0,,0
516,Mike Minter,1,OLDHAM,13,house,,0.043399638,2014,0,,0
517,Mike Minter,1,POTTER,13,house,,0.184316405,2014,0,,0
518,Mike Minter,1,RANDALL,13,house,,0.106675007,2014,0,,0
519,Mike Minter,1,ROBERTS,13,house,,0.034985423,2014,0,,0
520,Mike Minter,1,SHERMAN,13,house,,0.063356164,2014,0,,0
521,Mike Minter,1,SWISHER,13,house,,0.196519217,2014,0,,0
522,Mike Minter,1,WHEELER,13,house,,0.074615385,2014,0,,0
523,Mike Minter,1,WICHITA,13,house,,0.203464046,2014,0,,0
524,Mike Minter,1,WILBARGER,13,house,,0.17247844,2014,0,,0
525,Mike Minter,1,WISE,13,house,,0.139905019,2014,0,,0
550,Neal Marchbanks,1,BAILEY,19,house,,0.13753878,2014,0,1,0
551,Neal Marchbanks,1,BORDEN,19,house,,0.053278689,2014,0,1,0
552,Neal Marchbanks,1,CASTRO,19,house,,0.178280543,2014,0,1,0
553,Neal Marchbanks,1,COCHRAN,19,house,,0.141304348,2014,0,1,0
554,Neal Marchbanks,1,CROSBY,19,house,,0.232264334,2014,0,1,0
555,Neal Marchbanks,1,FISHER,19,house,,0.329059829,2014,0,1,0
556,Neal Marchbanks,1,FLOYD,19,house,,0.133768352,2014,0,1,0
557,Neal Marchbanks,1,GAINES,19,house,,0.099709182,2014,0,1,0
558,Neal Marchbanks,1,GARZA,19,house,,0.105660377,2014,0,1,0
559,Neal Marchbanks,1,HALE,19,house,,0.134032912,2014,0,1,0
560,Neal Marchbanks,1,HASKELL,19,house,,0.260058881,2014,0,1,0
561,Neal Marchbanks,1,HOCKLEY,19,house,,0.13427762,2014,0,1,0
562,Neal Marchbanks,1,HOWARD,19,house,,0.15246419,2014,0,1,0
563,Neal Marchbanks,1,JONES,19,house,,0.181465935,2014,0,1,0
564,Neal Marchbanks,1,KENT,19,house,,0.22,2014,0,1,0
565,Neal Marchbanks,1,LAMB,19,house,,0.147058824,2014,0,1,0
566,Neal Marchbanks,1,LUBBOCK,19,house,,0.242396834,2014,0,1,0
567,Neal Marchbanks,1,LYNN,19,house,,0.188811189,2014,0,1,0
568,Neal Marchbanks,1,NOLAN,19,house,,0.199272433,2014,0,1,0
569,Neal Marchbanks,1,PARMER,19,house,,0.097953216,2014,0,1,0
570,Neal Marchbanks,1,SCURRY,19,house,,0.111754069,2014,0,1,0
571,Neal Marchbanks,1,SHACKELFORD,19,house,,0.077821012,2014,0,1,0
572,Neal Marchbanks,1,STEPHENS,19,house,,0.075704225,2014,0,1,0
573,Neal Marchbanks,1,STONEWALL,19,house,,0.243093923,2014,0,1,0
574,Neal Marchbanks,1,TAYLOR,19,house,,0.182352941,2014,0,1,0
575,Neal Marchbanks,1,TERRY,19,house,,0.173260573,2014,0,1,0
576,Neal Marchbanks,1,THROCKMORTON,19,house,,0.112403101,2014,0,1,0
577,Neal Marchbanks,1,YOAKUM,19,house,,0.101725704,2014,0,1,0
578,Neal Marchbanks,1,YOUNG,19,house,,0.10769532,2014,0,1,0
538,Nick Haynes,1,BASTROP,17,house,,0.333333333,2014,0,1,0
539,Nick Haynes,1,BRAZOS,17,house,,0.258307561,2014,0,1,0
540,Nick Haynes,1,BURLESON,17,house,,0.214583845,2014,0,1,0
541,Nick Haynes,1,FALLS,17,house,,0.27802385,2014,0,1,0
542,Nick Haynes,1,FREESTONE,17,house,,0.196307548,2014,0,1,0
543,Nick Haynes,1,LEE,17,house,,0.247958426,2014,0,1,0
544,Nick Haynes,1,LEON,17,house,,0.105113636,2014,0,1,0
545,Nick Haynes,1,LIMESTONE,17,house,,0.220511606,2014,0,1,0
546,Nick Haynes,1,MCLENNAN,17,house,,0.279814385,2014,0,1,0
547,Nick Haynes,1,MILAM,17,house,,0.247838009,2014,0,1,0
548,Nick Haynes,1,ROBERTSON,17,house,,0.337291205,2014,0,1,0
549,Nick Haynes,1,TRAVIS,17,house,,0.612427155,2014,0,1,0
469,Niko Lestos,1,HARRIS,2,house,,0.303706335,2014,0,1,0
266,Pat Bryan,1,HARRIS,2,house,1,0.594165698,2016,0,1,0
582,Patrick McGehearty,1,DALLAS,24,house,,0.389682736,2014,0,1,0
583,Patrick McGehearty,1,DENTON,24,house,,0.350435949,2014,0,1,0
584,Patrick McGehearty,1,TARRANT,24,house,,0.273679185,2014,0,1,0
326,Pete P. Gallego,1,BEXAR,23,house,0,0.433159673,2016,1,1,0
327,Pete P. Gallego,1,BREWSTER,23,house,0,0.539423077,2016,1,1,0
328,Pete P. Gallego,1,CRANE,23,house,0,0.238385377,2016,1,1,0
329,Pete P. Gallego,1,CROCKETT,23,house,0,0.345549738,2016,1,1,0
330,Pete P. Gallego,1,CULBERSON,23,house,0,0.663394109,2016,1,1,0
331,Pete P. Gallego,1,DIMMIT,23,house,0,0.685964322,2016,1,1,0
332,Pete P. Gallego,1,EDWARDS,23,house,0,0.297325103,2016,1,1,0
333,Pete P. Gallego,1,EL PASO,23,house,0,0.842229713,2016,1,1,0
334,Pete P. Gallego,1,FRIO,23,house,0,0.564981504,2016,1,1,0
335,Pete P. Gallego,1,HUDSPETH,23,house,0,0.462893082,2016,1,1,0
336,Pete P. Gallego,1,JEFF DAVIS,23,house,0,0.446771379,2016,1,1,0
337,Pete P. Gallego,1,KINNEY,23,house,0,0.337234821,2016,1,1,0
338,Pete P. Gallego,1,LASALLE,23,house,0,0.599257885,2016,1,1,0
339,Pete P. Gallego,1,LOVING,23,house,0,0.142857143,2016,1,1,0
340,Pete P. Gallego,1,MAVERICK,23,house,0,0.777952756,2016,1,1,0
341,Pete P. Gallego,1,MEDINA,23,house,0,0.260097514,2016,1,1,0
342,Pete P. Gallego,1,PECOS,23,house,0,0.436151748,2016,1,1,0
343,Pete P. Gallego,1,PRESIDIO,23,house,0,0.701492537,2016,1,1,0
344,Pete P. Gallego,1,REAGAN,23,house,0,0.206385405,2016,1,1,0
345,Pete P. Gallego,1,REEVES,23,house,0,0.598165761,2016,1,1,0
346,Pete P. Gallego,1,SCHLEICHER,23,house,0,0.217305801,2016,1,1,0
347,Pete P. Gallego,1,SUTTON,23,house,0,0.231277533,2016,1,1,0
348,Pete P. Gallego,1,TERRELL,23,house,0,0.442352941,2016,1,1,0
349,Pete P. Gallego,1,UPTON,23,house,0,0.250612245,2016,1,1,0
350,Pete P. Gallego,1,UVALDE,23,house,0,0.446975006,2016,1,1,0
351,Pete P. Gallego,1,VAL VERDE,23,house,0,0.546608549,2016,1,1,0
352,Pete P. Gallego,1,WARD,23,house,0,0.262012693,2016,1,1,0
353,Pete P. Gallego,1,WINKLER,23,house,0,0.220254566,2016,1,1,0
354,Pete P. Gallego,1,ZAVALA,23,house,0,0.800194301,2016,1,1,0
355,Pete P. Gallego,1,BEXAR,23,house,0,0.413566172,2014,1,1,0
356,Pete P. Gallego,1,BREWSTER,23,house,0,0.598124349,2014,1,1,0
357,Pete P. Gallego,1,CRANE,23,house,0,0.258895706,2014,1,1,0
358,Pete P. Gallego,1,CROCKETT,23,house,0,0.407090465,2014,1,1,0
359,Pete P. Gallego,1,CULBERSON,23,house,0,0.638629283,2014,1,1,0
360,Pete P. Gallego,1,DIMMIT,23,house,0,0.745706371,2014,1,1,0
361,Pete P. Gallego,1,EDWARDS,23,house,0,0.383507853,2014,1,1,0
362,Pete P. Gallego,1,EL PASO,23,house,0,0.817802296,2014,1,1,0
363,Pete P. Gallego,1,FRIO,23,house,0,0.565752658,2014,1,1,0
364,Pete P. Gallego,1,HUDSPETH,23,house,0,0.523809524,2014,1,1,0
365,Pete P. Gallego,1,JEFF DAVIS,23,house,0,0.597073171,2014,1,1,0
366,Pete P. Gallego,1,KINNEY,23,house,0,0.479390681,2014,1,1,0
367,Pete P. Gallego,1,LASALLE,23,house,0,0.574555404,2014,1,1,0
368,Pete P. Gallego,1,LOVING,23,house,0,0.25,2014,1,1,0
369,Pete P. Gallego,1,MAVERICK,23,house,0,0.815242494,2014,1,1,0
370,Pete P. Gallego,1,MEDINA,23,house,0,0.288963421,2014,1,1,0
371,Pete P. Gallego,1,PECOS,23,house,0,0.582809917,2014,1,1,0
372,Pete P. Gallego,1,PRESIDIO,23,house,0,0.795740561,2014,1,1,0
373,Pete P. Gallego,1,REAGAN,23,house,0,0.313402062,2014,1,1,0
374,Pete P. Gallego,1,REEVES,23,house,0,0.671085336,2014,1,1,0
375,Pete P. Gallego,1,SCHLEICHER,23,house,0,0.377990431,2014,1,1,0
376,Pete P. Gallego,1,SUTTON,23,house,0,0.214774282,2014,1,1,0
377,Pete P. Gallego,1,TERRELL,23,house,0,0.585,2014,1,1,0
378,Pete P. Gallego,1,UPTON,23,house,0,0.406542056,2014,1,1,0
379,Pete P. Gallego,1,UVALDE,23,house,0,0.471701913,2014,1,1,0
380,Pete P. Gallego,1,VAL VERDE,23,house,0,0.618911175,2014,1,1,0
381,Pete P. Gallego,1,WARD,23,house,0,0.391012397,2014,1,1,0
382,Pete P. Gallego,1,WINKLER,23,house,0,0.270724029,2014,1,1,0
383,Pete P. Gallego,1,ZAVALA,23,house,0,0.808629088,2014,1,1,0
403,Raul (Roy) Barrera,1,ARANSAS,27,house,,0.243979965,2016,1,1,0
404,Raul (Roy) Barrera,1,BASTROP,27,house,,0.383187483,2016,1,1,0
405,Raul (Roy) Barrera,1,CALDWELL,27,house,,0.356547713,2016,1,1,0
406,Raul (Roy) Barrera,1,CALHOUN,27,house,,0.316896194,2016,1,1,0
407,Raul (Roy) Barrera,1,GONZALES,27,house,,0.267676768,2016,1,1,0
408,Raul (Roy) Barrera,1,JACKSON,27,house,,0.173197492,2016,1,1,0
409,Raul (Roy) Barrera,1,LAVACA,27,house,,0.141372387,2016,1,1,0
410,Raul (Roy) Barrera,1,MATAGORDA,27,house,,0.305126464,2016,1,1,0
411,Raul (Roy) Barrera,1,NUECES,27,house,,0.496269958,2016,1,1,0
412,Raul (Roy) Barrera,1,REFUGIO,27,house,,0.367079646,2016,1,1,0
413,Raul (Roy) Barrera,1,SAN PATRICIO,27,house,,0.314351547,2016,1,1,0
414,Raul (Roy) Barrera,1,VICTORIA,27,house,,0.295441109,2016,1,1,0
415,Raul (Roy) Barrera,1,WHARTON,27,house,,0.290649983,2016,1,1,0
529,Ruben Hinojosa,1,BROOKS,15,house,1,0.800197824,2014,1,1,0
530,Ruben Hinojosa,1,DUVAL,15,house,1,0.820635463,2014,1,1,0
531,Ruben Hinojosa,1,GUADALUPE,15,house,1,0.279490359,2014,1,1,0
532,Ruben Hinojosa,1,HIDALGO,15,house,1,0.681247881,2014,1,1,0
533,Ruben Hinojosa,1,JIM HOGG,15,house,1,0.803443329,2014,1,1,0
534,Ruben Hinojosa,1,KARNES,15,house,1,0.355773328,2014,1,1,0
535,Ruben Hinojosa,1,LIVE OAK,15,house,1,0.185452999,2014,1,1,0
536,Ruben Hinojosa,1,WILSON,15,house,1,0.173817382,2014,1,1,0
268,Ruby Faye Woolridge,0,ELLIS,6,house,1,0.318387877,2016,1,1,0
269,Ruby Faye Woolridge,0,NAVARRO,6,house,1,0.309284398,2016,1,1,0
270,Ruby Faye Woolridge,0,TARRANT,6,house,1,0.871928923,2016,1,1,0
311,Sheila Jackson Lee,0,HARRIS,18,house,1,0.4236159,2016,0,1,1
312,Sheila Jackson Lee,0,HARRIS,18,house,1,0.74352686,2014,0,1,1
457,Shirley McKellar,0,ANGELINA,1,house,1,0.216688694,2014,0,1,0
458,Shirley McKellar,0,GREGG,1,house,1,0.250467778,2014,0,1,0
459,Shirley McKellar,0,HARRISON,1,house,1,0.274186908,2014,0,1,0
460,Shirley McKellar,0,NACOGDOCHES,1,house,1,0.242334154,2014,0,1,0
461,Shirley McKellar,0,PANOLA,1,house,1,0.186310459,2014,0,1,0
462,Shirley McKellar,0,RUSK,1,house,1,0.18149704,2014,0,1,0
463,Shirley McKellar,0,SABINE,1,house,1,0.141654466,2014,0,1,0
464,Shirley McKellar,0,SAN AUGUSTINE,1,house,1,0.295299469,2014,0,1,0
465,Shirley McKellar,0,SHELBY,1,house,1,0.199742978,2014,0,1,0
466,Shirley McKellar,0,SMITH,1,house,1,0.227502632,2014,0,1,0
467,Shirley McKellar,0,UPSHUR,1,house,1,0.17973985,2014,0,1,0
468,Shirley McKellar,0,WOOD,1,house,1,0.12325784,2014,0,1,0
254,Shirley McKellar,0,ANGELINA,1,house,1,0.324668799,2016,0,1,0
255,Shirley McKellar,0,GREGG,1,house,1,0.380268297,2016,0,1,0
256,Shirley McKellar,0,HARRISON,1,house,1,0.361175847,2016,0,1,0
257,Shirley McKellar,0,NACOGDOCHES,1,house,1,0.422489588,2016,0,1,0
258,Shirley McKellar,0,PANOLA,1,house,1,0.214388317,2016,0,1,0
259,Shirley McKellar,0,RUSK,1,house,1,0.247915396,2016,0,1,0
260,Shirley McKellar,0,SABINE,1,house,1,0.156508264,2016,0,1,0
261,Shirley McKellar,0,SAN AUGUSTINE,1,house,1,0.344307814,2016,0,1,0
262,Shirley McKellar,0,SHELBY,1,house,1,0.2392837,2016,0,1,0
263,Shirley McKellar,0,SMITH,1,house,1,0.345705091,2016,0,1,0
264,Shirley McKellar,0,UPSHUR,1,house,1,0.208278408,2016,0,1,0
265,Shirley McKellar,0,WOOD,1,house,1,0.159633628,2016,0,1,0
276,Tawana W. Cadien,0,AUSTIN,10,house,1,0.162999323,2016,0,1,0
277,Tawana W. Cadien,0,BASTROP,10,house,1,0.38228515,2016,0,1,0
278,Tawana W. Cadien,0,COLORADO,10,house,1,0.220101623,2016,0,1,0
279,Tawana W. Cadien,0,FAYETTE,10,house,1,0.175766148,2016,0,1,0
280,Tawana W. Cadien,0,HARRIS,10,house,1,0.293275458,2016,0,1,0
281,Tawana W. Cadien,0,LEE,10,house,1,0.1975042,2016,0,1,0
282,Tawana W. Cadien,0,TRAVIS,10,house,1,0.63106861,2016,0,1,0
283,Tawana W. Cadien,0,WALLER,10,house,1,0.335676409,2016,0,1,0
284,Tawana W. Cadien,0,WASHINGTON,10,house,1,0.202772721,2016,0,1,0
473,Tawana W. Cadien,0,AUSTIN,10,house,1,0.136643297,2014,0,1,0
474,Tawana W. Cadien,0,BASTROP,10,house,1,0.374946004,2014,0,1,0
475,Tawana W. Cadien,0,COLORADO,10,house,1,0.197997548,2014,0,1,0
476,Tawana W. Cadien,0,FAYETTE,10,house,1,0.163796724,2014,0,1,0
477,Tawana W. Cadien,0,HARRIS,10,house,1,0.212395846,2014,0,1,0
478,Tawana W. Cadien,0,LEE,10,house,1,0.186516854,2014,0,1,0
479,Tawana W. Cadien,0,TRAVIS,10,house,1,0.579458275,2014,0,1,0
480,Tawana W. Cadien,0,WALLER,10,house,1,0.270303573,2014,0,1,0
481,Tawana W. Cadien,0,WASHINGTON,10,house,1,0.17711078,2014,0,1,0
313,Tom Wakely,1,BANDERA,21,house,1,0.158058494,2016,0,1,0
314,Tom Wakely,1,BEXAR,21,house,1,0.379269415,2016,0,1,0
315,Tom Wakely,1,BLANCO,21,house,1,0.208271237,2016,0,1,0
316,Tom Wakely,1,COMAL,21,house,1,0.184827384,2016,0,1,0
317,Tom Wakely,1,GILLESPIE,21,house,1,0.152964744,2016,0,1,0
318,Tom Wakely,1,HAYS,21,house,1,0.423724013,2016,0,1,0
319,Tom Wakely,1,KENDALL,21,house,1,0.15688547,2016,0,1,0
320,Tom Wakely,1,KERR,21,house,1,0.184693784,2016,0,1,0
321,Tom Wakely,1,REAL,21,house,1,0.117684078,2016,0,1,0
322,Tom Wakely,1,TRAVIS,21,house,1,0.681685506,2016,0,1,0
291,Vincete Gonzalez,1,BROOKS,15,house,1,0.83277027,2016,1,0,0
292,Vincete Gonzalez,1,DUVAL,15,house,1,0.794094174,2016,1,0,0
293,Vincete Gonzalez,1,GUADALUPE,15,house,1,0.311131366,2016,1,0,0
294,Vincete Gonzalez,1,HIDALGO,15,house,1,0.735346359,2016,1,0,0
295,Vincete Gonzalez,1,JIM HOGG,15,house,1,0.871235722,2016,1,0,0
296,Vincete Gonzalez,1,KARNES,15,house,1,0.322376738,2016,1,0,0
297,Vincete Gonzalez,1,LIVE OAK,15,house,1,0.184547244,2016,1,0,0
298,Vincete Gonzalez,1,WILSON,15,house,1,0.15379902,2016,1,0,0
598,Wesley Reed,1,ARANSAS,27,house,,0.242916379,2014,0,0,0
599,Wesley Reed,1,BASTROP,"2,258",house,,0.359268099,2014,0,0,0
600,Wesley Reed,1,CALDWELL,"1,549",house,,0.34452847,2014,0,0,0
601,Wesley Reed,1,CALHOUN,"1,217",house,,0.309354347,2014,0,0,0
602,Wesley Reed,1,GONZALES,615,house,,0.238279737,2014,0,0,0
603,Wesley Reed,1,JACKSON,445,house,,0.158645276,2014,0,0,0
604,Wesley Reed,1,LAVACA,706,house,,0.144672131,2014,0,0,0
605,Wesley Reed,1,MATAGORDA,"1,987",house,,0.296169325,2014,0,0,0
606,Wesley Reed,1,NUECES,"24,810",house,,0.449456522,2014,0,0,0
607,Wesley Reed,1,REFUGIO,745,house,,0.378172589,2014,0,0,0
608,Wesley Reed,1,SAN PATRICIO,"2,422",house,,0.295654297,2014,0,0,0
609,Wesley Reed,1,VICTORIA,"4,155",house,,0.250678733,2014,0,0,0
610,Wesley Reed,1,WHARTON,"1,837",house,,0.227379626,2014,0,0,0
299,William Matta,1,BASTROP,17,house,1,0.306493506,2016,0,1,0
300,William Matta,1,BRAZOS,17,house,1,0.310439252,2016,0,1,0
301,William Matta,1,BURLESON,17,house,1,0.203873448,2016,0,1,0
302,William Matta,1,FALLS,17,house,1,0.299346664,2016,0,1,0
303,William Matta,1,FREESTONE,17,house,1,0.187794077,2016,0,1,0
304,William Matta,1,LEE,17,house,1,0.20700309,2016,0,1,0
305,William Matta,1,LEON,17,house,1,0.115508021,2016,0,1,0
306,William Matta,1,LIMESTONE,17,house,1,0.22715685,2016,0,1,0
307,William Matta,1,MCLENNAN,17,house,1,0.321950646,2016,0,1,0
308,William Matta,1,MILAM,17,house,1,0.232785697,2016,0,1,0
309,William Matta,1,ROBERTSON,17,house,1,0.295726748,2016,0,1,0
310,William Matta,1,TRAVIS,17,house,1,0.642466918,2016,0,1,0
,,,,,,,,,,,
,,,,,,,,,,,
,,,,,,,,,,,
,,,,,,,,,,,
,,,,,,,,,,,
,,,,,,,,,,,
,,,,,,,,,,,
,,,,,,,,,,,
,,,,,,,,,,,
